scene_idx,v2i_network,n_vehicles,chosen_leader,is_leader,vehicle_id,queue_length,t_pair_avg_s,t_fuse_avg_s,D_hat_proc_s,D_hat_v2i_s,D_hat_total_s
0,3G,3,0,True,0,1,0.0030021255122867734,0.0008971645833348495,0.00990354112019517,0.32521614499999996,0.3351196861201951
0,3G,3,0,False,1,1,0.003052252862229608,0.0010638351504663108,0.010220593737155134,0.32521614499999996,0.33543673873715507
0,3G,3,0,False,2,1,0.0030261290219150707,0.0011552361165812289,0.010233623182326441,0.32521614499999996,0.3354497681823264
1,3G,3,1,False,0,2,0.0030444222936730388,0.0010267516057456151,0.01320444078043777,0.32521614499999996,0.3384205857804377
1,3G,3,1,True,1,1,0.0031287289083352884,0.001054932510555914,0.010441119235561779,0.32521614499999996,0.33565726423556175
1,3G,3,1,False,2,2,0.0031213569198456073,0.0008747414908910591,0.013360169170273488,0.32521614499999996,0.33857631417027345
2,3G,3,1,False,0,2,0.003025150200335582,0.0009610135511784815,0.01306161435252081,0.32521614499999996,0.33827775935252075
2,3G,3,1,True,1,0,0.003076503577356316,0.0009798405868143706,0.0071328477415270024,0.32521614499999996,0.33234899274152696
2,3G,3,1,False,2,1,0.0029925130796726097,0.0010307117632050958,0.010008251002222926,0.32521614499999996,0.33522439600222287
3,3G,3,1,False,0,1,0.0029699012361629803,0.0008963612163703337,0.009806064924859274,0.32521614499999996,0.3350222099248592
3,3G,3,1,True,1,1,0.0028377130881499803,0.0009921075711243899,0.00950524683557433,0.32521614499999996,0.3347213918355743
3,3G,3,1,False,2,2,0.003163829997936346,0.0010671132314958671,0.013722433223241251,0.32521614499999996,0.3389385782232412
4,3G,3,2,False,0,1,0.0030254832586651733,0.00081080692313636,0.00988725669913188,0.32521614499999996,0.33510340169913183
4,3G,3,2,False,1,2,0.003209503112078074,0.0009541622459946537,0.01379217469430695,0.32521614499999996,0.3390083196943069
4,3G,3,2,True,2,0,0.003065995781895292,0.0009723661767879665,0.007104357740578551,0.32521614499999996,0.3323205027405785
5,3G,3,1,False,0,0,0.003198481294884728,0.0008700186911136668,0.007266981280883123,0.32521614499999996,0.33248312628088306
5,3G,3,1,True,1,0,0.002991119421128416,0.0009804913377149983,0.00696273017997183,0.32521614499999996,0.3321788751799718
5,3G,3,1,False,2,2,0.003167289842989409,0.001005556247492438,0.013674715619450073,0.32521614499999996,0.33889086061945
6,3G,3,1,False,0,1,0.003150254773031902,0.001034865505822912,0.010485629824918618,0.32521614499999996,0.3357017748249186
6,3G,3,1,True,1,0,0.00284605288776433,0.0010179906300614408,0.0067100964055901,0.32521614499999996,0.3319262414055901
6,3G,3,1,False,2,1,0.0031111507125988922,0.00099334604680014,0.010326798184596815,0.32521614499999996,0.33554294318459676
7,3G,3,1,False,0,0,0.003109523696233465,0.0010187140730087874,0.0072377614654757175,0.32521614499999996,0.3324539064654757
7,3G,3,1,True,1,0,0.0030054025839557044,0.0008199982778432372,0.006830803445754646,0.32521614499999996,0.3320469484457546
7,3G,3,1,False,2,1,0.003160504632634834,0.0009300973849508586,0.01041161128285536,0.32521614499999996,0.3356277562828553
8,3G,3,0,True,0,0,0.0031443175390308033,0.000910921645120979,0.007199556723182585,0.32521614499999996,0.3324157017231825
8,3G,3,0,False,1,0,0.0031186691433920492,0.0009944511426334054,0.007231789429417504,0.32521614499999996,0.33244793442941745
8,3G,3,0,False,2,2,0.003042970764288274,0.0011363609012327654,0.013308243958385861,0.32521614499999996,0.3385243889583858
9,3G,3,1,False,0,2,0.00305491842566441,0.0008852006493977122,0.013104874352055353,0.32521614499999996,0.33832101935205533
9,3G,3,1,True,1,1,0.003104509610404234,0.0009308082678290495,0.010244337099041751,0.32521614499999996,0.3354604820990417
9,3G,3,1,False,2,1,0.003224309789151443,0.001159901346462975,0.010832830713917302,0.32521614499999996,0.33604897571391723
10,3G,3,1,False,0,1,0.002951663091407851,0.0011932149337594337,0.010048204207982988,0.32521614499999996,0.3352643492079829
10,3G,3,1,True,1,0,0.002934162991608897,0.0009128809311924677,0.006781206914410262,0.32521614499999996,0.3319973519144102
10,3G,3,1,False,2,0,0.0030427486558047443,0.0009830315872549557,0.007068528898864444,0.32521614499999996,0.3322846738988644
11,3G,3,1,False,0,2,0.0032915649450744127,0.0009807476400165063,0.014147007420314156,0.32521614499999996,0.3393631524203141
11,3G,3,1,True,1,2,0.0031066768012336017,0.0009646143676234566,0.013391321572557863,0.32521614499999996,0.3386074665725578
11,3G,3,1,False,2,2,0.003136588343587402,0.0011335718662436778,0.013679925240593286,0.32521614499999996,0.33889607024059326
12,3G,3,0,True,0,2,0.0029858422699556627,0.0009732102237033965,0.012916579303526047,0.32521614499999996,0.338132724303526
12,3G,3,0,False,1,2,0.003017574003042691,0.0009684108778771044,0.013038706890047868,0.32521614499999996,0.33825485189004784
12,3G,3,0,False,2,2,0.0030293845566119427,0.0009620592711574314,0.013079597497605202,0.32521614499999996,0.33829574249760513
13,3G,3,1,False,0,2,0.0029630594851382487,0.0010517951953463351,0.01290403313589933,0.32521614499999996,0.3381201781358993
13,3G,3,1,True,1,0,0.0029298907533467002,0.00097750583499836,0.006837287341691761,0.32521614499999996,0.3320534323416917
13,3G,3,1,False,2,1,0.0028912126433319426,0.0009767912993953298,0.009650429229391157,0.32521614499999996,0.3348665742293911
14,3G,3,2,False,0,2,0.003063685641705058,0.0010827925213604192,0.013337535088180651,0.32521614499999996,0.3385536800881806
14,3G,3,2,False,1,1,0.003278360358644878,0.0010212911374280088,0.010856372213362641,0.32521614499999996,0.3360725172133626
14,3G,3,2,True,2,1,0.002955667076394066,0.0009214561235522776,0.009788457352734474,0.32521614499999996,0.33500460235273444
15,3G,3,2,False,0,1,0.003216836047528049,0.0010801584653148202,0.010730666607898969,0.32521614499999996,0.3359468116078989
15,3G,3,2,False,1,1,0.0031642400385171023,0.0009644494196234535,0.010457169535174761,0.32521614499999996,0.33567331453517474
15,3G,3,2,True,2,1,0.002837322942560259,0.0009399024181220034,0.009451871245802781,0.32521614499999996,0.3346680162458027
16,3G,3,2,False,0,2,0.002893524813511031,0.0009989217983405053,0.012573021052384628,0.32521614499999996,0.33778916605238457
16,3G,3,2,False,1,0,0.0030625763852024,0.001133423905410157,0.007258576675814957,0.32521614499999996,0.33247472167581493
16,3G,3,2,True,2,0,0.0030966576788593833,0.0009734872256776146,0.0071668025833963814,0.32521614499999996,0.3323829475833963
17,3G,3,0,True,0,0,0.0027678621020629252,0.0009678642368974252,0.0065035884410232754,0.32521614499999996,0.33171973344102323
17,3G,3,0,False,1,0,0.003141780578584806,0.0010775461382236053,0.007361107295393217,0.32521614499999996,0.3325772522953932
17,3G,3,0,False,2,1,0.002951613864913172,0.0009790610458358785,0.009833902640575395,0.32521614499999996,0.33505004764057533
18,3G,3,1,False,0,2,0.0028738661548205783,0.00103553463865355,0.012530999257935863,0.32521614499999996,0.33774714425793584
18,3G,3,1,True,1,1,0.0028414753761197295,0.0009717922713123872,0.009496218399671576,0.32521614499999996,0.33471236339967153
18,3G,3,1,False,2,2,0.002990995632499796,0.001023895512156804,0.012987878042155987,0.32521614499999996,0.33820402304215597
19,3G,3,1,False,0,1,0.0029285576919696682,0.0010092228600676776,0.009794895935976683,0.32521614499999996,0.33501104093597667
19,3G,3,1,True,1,0,0.0030608971967990245,0.0008734080777483468,0.006995202471346396,0.32521614499999996,0.33221134747134634
19,3G,3,1,False,2,1,0.0029796775496315894,0.000913154068062058,0.009852186716956826,0.32521614499999996,0.33506833171695677
0,3G,5,0,True,0,1,0.003128374084344072,0.0009894954518204155,0.016631365873540773,0.418061315,0.43469268087354074
0,3G,5,0,False,1,2,0.0029650891159800187,0.0011737132921111717,0.018964247987991286,0.418061315,0.4370255629879913
0,3G,5,0,False,2,2,0.0029826005657958314,0.0010362662287087747,0.01893186962348376,0.418061315,0.43699318462348374
0,3G,5,0,False,3,2,0.0029074098243350487,0.0008482577374448148,0.01829271668345511,0.418061315,0.4363540316834551
0,3G,5,0,False,4,2,0.003276249876168909,0.0009964346512546685,0.020653933908268123,0.418061315,0.43871524890826813
1,3G,5,1,False,0,2,0.00303947220049943,0.0010465073852838167,0.019283340588280396,0.418061315,0.4373446555882804
1,3G,5,1,True,1,1,0.0027789161601458117,0.0008407973998496059,0.014735378200578665,0.418061315,0.4327966932005787
1,3G,5,1,False,2,1,0.002980968600673143,0.0010367861532468037,0.01594162915661252,0.418061315,0.4340029441566125
1,3G,5,1,False,3,2,0.00277537573526855,0.0009231583198787672,0.017575412731490065,0.418061315,0.43563672773149004
1,3G,5,1,False,4,2,0.0031097533778869997,0.0010166848930333813,0.01967520516035538,0.418061315,0.43773652016035536
2,3G,5,0,True,0,0,0.002930790658391727,0.0009695221037535411,0.012692684737320449,0.418061315,0.4307539997373204
2,3G,5,0,False,1,2,0.003184653206445618,0.0011003482632420017,0.02020826750191571,0.418061315,0.4382695825019157
2,3G,5,0,False,2,1,0.003175004062305379,0.0010314492498008255,0.01690646956132772,0.418061315,0.43496778456132773
2,3G,5,0,False,3,0,0.0032963343271744635,0.000984917984409656,0.01417025529310751,0.418061315,0.4322315702931075
2,3G,5,0,False,4,1,0.0030596142259894455,0.001074496312017925,0.016372567441965153,0.418061315,0.4344338824419651
3,3G,5,1,False,0,1,0.0029213931043373534,0.0009970574537921742,0.015604022975478941,0.418061315,0.4336653379754789
3,3G,5,1,True,1,0,0.003152510431359161,0.0009676107274155909,0.013577652452852234,0.418061315,0.43163896745285224
3,3G,5,1,False,2,1,0.0030311471306848476,0.0009717578771431216,0.01612749353056736,0.418061315,0.43418880853056735
3,3G,5,1,False,3,1,0.0029336847474413603,0.0009095976526847596,0.015578021389891563,0.418061315,0.43363933638989155
3,3G,5,1,False,4,2,0.0030516095376292734,0.0010551532681032203,0.01936481049387886,0.418061315,0.4374261254938788
4,3G,5,2,False,0,1,0.003431945291189894,0.0010851214298037847,0.018244847885753254,0.418061315,0.43630616288575325
4,3G,5,2,False,1,2,0.003089458410759636,0.0009441909619389455,0.019480941426496763,0.418061315,0.43754225642649675
4,3G,5,2,True,2,0,0.002990170145084978,0.0009039959029964947,0.012864676483336408,0.418061315,0.4309259914833364
4,3G,5,2,False,3,1,0.002985471568286184,0.0009521244305387758,0.015879482271969697,0.418061315,0.43394079727196966
4,3G,5,2,False,4,1,0.0027880527052260365,0.0008569553554369124,0.014797218881567095,0.418061315,0.4328585338815671
5,3G,5,0,True,0,0,0.0029763433471587846,0.0009893344446967392,0.012894707833331878,0.418061315,0.43095602283333184
5,3G,5,0,False,1,0,0.00315323310187639,0.0009610442770923453,0.013573976684597906,0.418061315,0.4316352916845979
5,3G,5,0,False,2,0,0.0032688957504978544,0.0009347067304661053,0.014010289732457522,0.418061315,0.43207160473245754
5,3G,5,0,False,3,0,0.0030867938121090233,0.0011786959419571035,0.013525871190393196,0.418061315,0.43158718619039316
5,3G,5,0,False,4,0,0.003260714678991729,0.00103124642217776,0.014074105138144674,0.418061315,0.43213542013814465
6,3G,5,3,False,0,2,0.0025836326925539103,0.0009504276352520205,0.016452223790575482,0.418061315,0.43451353879057547
6,3G,5,3,False,1,1,0.0030556711515089905,0.0010523005800632727,0.016330656337608225,0.418061315,0.4343919713376082
6,3G,5,3,False,2,2,0.0030261575233125853,0.0009504585766653501,0.01910740371654086,0.418061315,0.43716871871654084
6,3G,5,3,True,3,1,0.0030419678345227977,0.0009298450713005975,0.016139684243914584,0.418061315,0.4342009992439146
6,3G,5,3,False,4,1,0.00323269820503016,0.0011207757837881482,0.01728426680893895,0.418061315,0.43534558180893895
7,3G,5,2,False,0,1,0.0030701349415765663,0.0010277498034882795,0.01637842451137111,0.418061315,0.4344397395113711
7,3G,5,2,False,1,2,0.002929697016463991,0.0009548462554093959,0.01853302835419334,0.418061315,0.43659434335419334
7,3G,5,2,True,2,0,0.0031246338768984028,0.0008582762976012053,0.013356811805194817,0.418061315,0.4314181268051948
7,3G,5,2,False,3,2,0.003121632570727456,0.001078046825368127,0.019807842249732862,0.418061315,0.43786915724973285
7,3G,5,2,False,4,2,0.0028967779628804253,0.0010478688283570528,0.018428536605639607,0.418061315,0.4364898516056396
8,3G,5,3,False,0,1,0.002913284780750595,0.001182758994532856,0.01574918289828583,0.418061315,0.4338104978982858
8,3G,5,3,False,1,1,0.003227125727313487,0.0009630175776597866,0.017098646214227225,0.418061315,0.43515996121422723
8,3G,5,3,False,2,2,0.003157597036312872,0.0009933603981120403,0.019938942615989275,0.418061315,0.43800025761598926
8,3G,5,3,True,3,0,0.0030013242265710394,0.0009136705461987461,0.012918967452482904,0.418061315,0.4309802824524829
8,3G,5,3,False,4,0,0.003283131364467299,0.0011502909091169855,0.014282816366986181,0.418061315,0.4323441313669862
9,3G,5,0,True,0,0,0.003110654133299364,0.0009674225148217435,0.0134100390480192,0.418061315,0.4314713540480192
9,3G,5,0,False,1,2,0.0029579975121960525,0.00105153000750238,0.018799515080678692,0.418061315,0.43686083008067866
9,3G,5,0,False,2,2,0.0030355557708025595,0.000946103283186653,0.01915943790800201,0.418061315,0.437220752908002
9,3G,5,0,False,3,1,0.003021038399842723,0.0009386674711821584,0.016043859470395775,0.418061315,0.43410517447039576
9,3G,5,0,False,4,2,0.0031559709361051484,0.0011058660329989175,0.020041691649629805,0.418061315,0.4381030066496298
10,3G,5,4,False,0,2,0.0029460130699852766,0.000804945243590527,0.018481023663502186,0.418061315,0.43654233866350217
10,3G,5,4,False,1,1,0.0030923791375070775,0.000877278816477103,0.01633917450401249,0.418061315,0.4344004895040125
10,3G,5,4,False,2,1,0.002895846642707893,0.0010270902079883907,0.015506323421527855,0.418061315,0.43356763842152785
10,3G,5,4,False,3,2,0.0032904920747400786,0.0011037553503616634,0.020846707798802138,0.418061315,0.43890802279880214
10,3G,5,4,True,4,0,0.0028518953348772046,0.0009687881471239382,0.012376369486632757,0.418061315,0.4304376844866327
11,3G,5,0,True,0,0,0.0029597266026153046,0.0008186834626758722,0.01265758987313709,0.418061315,0.4307189048731371
11,3G,5,0,False,1,0,0.0029889392850937597,0.0011338152771750779,0.013089572417550117,0.418061315,0.4311508874175501
11,3G,5,0,False,2,1,0.0030077841005082587,0.0009695241988700945,0.016008444701411387,0.418061315,0.4340697597014114
11,3G,5,0,False,3,2,0.0029450740188942696,0.0011368690386206871,0.018807313151986305,0.418061315,0.4368686281519863
11,3G,5,0,False,4,0,0.0031695075076904043,0.001026780317159016,0.013704810347920633,0.418061315,0.43176612534792064
12,3G,5,4,False,0,2,0.003145144591119383,0.0010316157242326487,0.019902483270948946,0.418061315,0.43796379827094895
12,3G,5,4,False,1,0,0.0032481154106258165,0.0009983608757589252,0.013990822518262192,0.418061315,0.43205213751826216
12,3G,5,4,False,2,2,0.003030274762732468,0.0009557274282191074,0.019137376004613914,0.418061315,0.4371986910046139
12,3G,5,4,False,3,0,0.0028781913794246475,0.0008002045990871112,0.012312970116785702,0.418061315,0.4303742851167857
12,3G,5,4,True,4,0,0.0027699340040724376,0.0009985238153377262,0.012078259831627476,0.418061315,0.43013957483162746
13,3G,5,1,False,0,2,0.003247998901386949,0.0009237882541378286,0.020411781662459518,0.418061315,0.4384730966624595
13,3G,5,1,True,1,0,0.0028964597824066613,0.0009758579758484872,0.012561697105475132,0.418061315,0.4306230121054751
13,3G,5,1,False,2,1,0.003247175067370923,0.0010881863706506771,0.017324061707505292,0.418061315,0.43538537670750527
13,3G,5,1,False,3,0,0.0029686023953523584,0.0010953325585983335,0.012969742140007767,0.418061315,0.4310310571400078
13,3G,5,1,False,4,2,0.0031404886929076877,0.0008689098304704645,0.01971184198791659,0.418061315,0.4377731569879166
14,3G,5,3,False,0,2,0.003165230171335931,0.0009593779991216945,0.01995075902713728,0.418061315,0.43801207402713727
14,3G,5,3,False,1,2,0.00305023201185401,0.0009632161915956126,0.01926460826271967,0.418061315,0.4373259232627197
14,3G,5,3,False,2,2,0.0029584677158261217,0.0010719812939075405,0.01882278758886427,0.418061315,0.43688410258886423
14,3G,5,3,True,3,0,0.002945489367923674,0.0010491705273625103,0.012831127999057206,0.418061315,0.4308924429990572
14,3G,5,3,False,4,1,0.0032820109570007175,0.0010640642884574335,0.017474119073461022,0.418061315,0.435535434073461
15,3G,5,1,False,0,1,0.0031811612682353793,0.0010491802703311067,0.016954986611508002,0.418061315,0.435016301611508
15,3G,5,1,True,1,0,0.0030080624313545924,0.0008239039083083981,0.012856153633726768,0.418061315,0.43091746863372676
15,3G,5,1,False,2,1,0.003338323716818023,0.0009927950032200625,0.017684413587310176,0.418061315,0.43574572858731014
15,3G,5,1,False,3,1,0.0030193759620251994,0.0012048527836880274,0.016301732593814025,0.418061315,0.434363047593814
15,3G,5,1,False,4,1,0.002951437716207302,0.0008658988370507607,0.015623087418087272,0.418061315,0.43368440241808726
16,3G,5,2,False,0,1,0.0031482484458486525,0.000958021797414503,0.016699264026657765,0.418061315,0.43476057902665777
16,3G,5,2,False,1,0,0.0029822600026205848,0.0010592930972340019,0.01298833310771634,0.418061315,0.43104964810771634
16,3G,5,2,True,2,0,0.0027736736722219456,0.0009796929870889638,0.012074387675976746,0.418061315,0.4301357026759767
16,3G,5,2,False,3,0,0.003115370523484466,0.001058654027323611,0.013520136121261475,0.418061315,0.43158145112126145
16,3G,5,2,False,4,1,0.002861828047466692,0.0008036127649881233,0.015112753002321584,0.418061315,0.43317406800232156
17,3G,5,4,False,0,2,0.003150453557982565,0.0010070481374829855,0.019909769485378377,0.418061315,0.43797108448537836
17,3G,5,4,False,1,2,0.002961225950178354,0.0010721507676733737,0.018839506468743498,0.418061315,0.4369008214687435
17,3G,5,4,False,2,0,0.002927116985144627,0.000930631923049459,0.012639099863627967,0.418061315,0.430700414863628
17,3G,5,4,False,3,1,0.0028972549223619743,0.0009596177569370119,0.015445892368746883,0.418061315,0.43350720736874687
17,3G,5,4,True,4,0,0.0029101436853863185,0.0009391711996325058,0.01257974594117778,0.418061315,0.43064106094117777
18,3G,5,4,False,0,1,0.0030046174178587405,0.0009774277802631671,0.016000514869556868,0.418061315,0.4340618298695569
18,3G,5,4,False,1,2,0.002774789521317681,0.0009520091791192767,0.01760074630702536,0.418061315,0.43566206130702534
18,3G,5,4,False,2,0,0.0032205479085168805,0.0010096021715570336,0.013891793805624556,0.418061315,0.43195310880562454
18,3G,5,4,False,3,0,0.0030603587797078257,0.0010905651547413258,0.013332000273572628,0.418061315,0.4313933152735726
18,3G,5,4,True,4,0,0.0030388333162286564,0.000980455723989248,0.013135788988903874,0.418061315,0.4311971039889039
19,3G,5,0,True,0,0,0.0029169573514080667,0.0010915347926979864,0.012759364198330254,0.418061315,0.4308206791983302
19,3G,5,0,False,1,2,0.0027152188332562064,0.0010868262751360957,0.017378139274673337,0.418061315,0.43543945427467334
19,3G,5,0,False,2,1,0.0028588334070961006,0.001037340740797287,0.015331507776277791,0.418061315,0.4333928227762778
19,3G,5,0,False,3,1,0.003058086223716038,0.0011592641057836923,0.016449695224363882,0.418061315,0.4345110102243639
19,3G,5,0,False,4,2,0.003054934924502111,0.0008928336799486028,0.01922244322696127,0.418061315,0.43728375822696125
0,4G,3,1,False,0,2,0.0028451805534530582,0.001078569140191025,0.012459291354003258,0.0618086458,0.07426793715400326
0,4G,3,1,True,1,0,0.0031039268060287055,0.0007615022085782975,0.006969355820635709,0.0618086458,0.06877800162063571
0,4G,3,1,False,2,0,0.002999979335331539,0.0010147507518541558,0.007014709422517234,0.0618086458,0.06882335522251723
1,4G,3,1,False,0,1,0.003092592210156369,0.0008699573437996409,0.010147733974268748,0.0618086458,0.07195637977426875
1,4G,3,1,True,1,1,0.003019898178887486,0.0010599187439247015,0.010119613280587159,0.0618086458,0.07192825908058716
1,4G,3,1,False,2,1,0.0031031818679720007,0.0008965340401856257,0.01020607964410163,0.0618086458,0.07201472544410163
2,4G,3,2,False,0,2,0.002958577668969766,0.000926864130617781,0.012761174806496845,0.0618086458,0.07456982060649685
2,4G,3,2,False,1,1,0.003048300274694435,0.0010452839529180124,0.010190184777001319,0.0618086458,0.07199883057700132
2,4G,3,2,True,2,0,0.0027490818232879014,0.0012114208380303386,0.006709584484606141,0.0618086458,0.06851823028460614
3,4G,3,2,False,0,1,0.003115999625377531,0.000863693864216356,0.01021169274034895,0.0618086458,0.07202033854034895
3,4G,3,2,False,1,2,0.003069990725150425,0.0009269626838252016,0.0132069255844269,0.0618086458,0.0750155713844269
3,4G,3,2,True,2,0,0.0029803040923796144,0.0009008322077166921,0.006861440392475921,0.0618086458,0.06867008619247592
4,4G,3,2,False,0,2,0.0029894815286497646,0.0009406837364124631,0.012898609851011522,0.0618086458,0.07470725565101152
4,4G,3,2,False,1,2,0.0032183233632948,0.0009831563541259462,0.013856449807305146,0.0618086458,0.07566509560730514
4,4G,3,2,True,2,1,0.0031654334058791,0.0009820832434343735,0.010478383461071673,0.0618086458,0.07228702926107167
5,4G,3,1,False,0,1,0.0030800309512446014,0.0007782754333911621,0.010018368287124966,0.0618086458,0.07182701408712497
5,4G,3,1,True,1,0,0.0029878437800990995,0.0010766633691710957,0.007052350929369295,0.0618086458,0.0688609967293693
5,4G,3,1,False,2,0,0.0030120752602238827,0.0010711282472624525,0.007095278767710218,0.0618086458,0.06890392456771022
6,4G,3,1,False,0,2,0.002956054941698898,0.0010538570645155366,0.01287807683131113,0.0618086458,0.07468672263131113
6,4G,3,1,True,1,0,0.0027837587282917454,0.0011013113276375744,0.006668828784221065,0.0618086458,0.06847747458422107
6,4G,3,1,False,2,1,0.0029048313927094315,0.0008342594383648073,0.009548753616493101,0.0618086458,0.0713573994164931
7,4G,3,1,False,0,2,0.0030721519784367855,0.001000165683992157,0.0132887735977393,0.0618086458,0.0750974193977393
7,4G,3,1,True,1,2,0.0026903556091243852,0.000988603666500647,0.011750026102998188,0.0618086458,0.07355867190299818
7,4G,3,1,False,2,2,0.002841827884270421,0.0009699282848264579,0.012337239821908142,0.0618086458,0.07414588562190814
8,4G,3,2,False,0,0,0.0027938932015332428,0.0010411605074290488,0.006628946910495534,0.0618086458,0.06843759271049553
8,4G,3,2,False,1,2,0.0028885945378263897,0.0008510783943954306,0.01240545654570099,0.0618086458,0.07421410234570099
8,4G,3,2,True,2,0,0.0027994284489988018,0.001029217054796212,0.006628073952793816,0.0618086458,0.06843671975279382
9,4G,3,1,False,0,0,0.0029854862822735447,0.0011033165339563542,0.007074289098503443,0.0618086458,0.06888293489850345
9,4G,3,1,True,1,0,0.002961136891980044,0.0010265314516617941,0.006948805235621882,0.0618086458,0.06875745103562188
9,4G,3,1,False,2,1,0.002994682615618981,0.001004094097893916,0.009988141944750858,0.0618086458,0.07179678774475086
10,4G,3,2,False,0,0,0.003178136614512756,0.0009340113157397676,0.00729028454476528,0.0618086458,0.06909893034476527
10,4G,3,2,False,1,2,0.0031768228869836295,0.00105764115939371,0.013764932707328228,0.0618086458,0.07557357850732822
10,4G,3,2,True,2,0,0.0030112590854110026,0.0008993882144139227,0.006921906385235928,0.0618086458,0.06873055218523592
11,4G,3,0,True,0,0,0.0028527554695710953,0.001072973351410185,0.006778484290552376,0.0618086458,0.06858713009055238
11,4G,3,0,False,1,0,0.0030617980583755216,0.0010450672015046652,0.007168663318255709,0.0618086458,0.06897730911825571
11,4G,3,0,False,2,0,0.0031660015596947913,0.0009713068564381249,0.007303309975827708,0.0618086458,0.06911195577582771
12,4G,3,0,True,0,0,0.0029815986806330406,0.0010321577632148894,0.006995355124480971,0.0618086458,0.06880400092448097
12,4G,3,0,False,1,2,0.0028610916718678743,0.0008218444747120019,0.012266211162183498,0.0618086458,0.0740748569621835
12,4G,3,0,False,2,0,0.003046308204731038,0.0009820546372539098,0.0070746710467159855,0.0618086458,0.06888331684671599
13,4G,3,2,False,0,2,0.003018539191605776,0.0011188729159348429,0.013193029682357948,0.0618086458,0.07500167548235795
13,4G,3,2,False,1,2,0.0030418193452000464,0.0009083770522487613,0.013075654433048946,0.0618086458,0.07488430023304894
13,4G,3,2,True,2,1,0.0031302629693839576,0.0010893425641803176,0.010480131472332191,0.0618086458,0.07228877727233218
14,4G,3,2,False,0,2,0.0031018353068982285,0.0010755868988211344,0.013482928126414048,0.0618086458,0.07529157392641404
14,4G,3,2,False,1,2,0.0030070693222293892,0.0010698325947592086,0.013098109883676766,0.0618086458,0.07490675568367676
14,4G,3,2,True,2,1,0.0030874501984457176,0.0010598159250659266,0.01032216652040308,0.0618086458,0.07213081232040308
15,4G,3,0,True,0,0,0.002868715247876157,0.001080557366649451,0.006817987862401766,0.0618086458,0.06862663366240176
15,4G,3,0,False,1,0,0.002957136560115366,0.0010611517342640972,0.006975424854494829,0.0618086458,0.06878407065449482
15,4G,3,0,False,2,0,0.0031523419286799336,0.0009767229282783545,0.007281406785638222,0.0618086458,0.06909005258563822
16,4G,3,2,False,0,1,0.003042409853535516,0.0009681449526593444,0.010095374513265892,0.0618086458,0.0719040203132659
16,4G,3,2,False,1,1,0.0029141104520357996,0.0010094665943207646,0.009751797950428165,0.0618086458,0.07156044375042817
16,4G,3,2,True,2,0,0.0032004878396420626,0.0010548141009704363,0.0074557897802545615,0.0618086458,0.06926443558025457
17,4G,3,0,True,0,0,0.00295490279083439,0.0008835305434946622,0.006793336125163442,0.0618086458,0.06860198192516344
17,4G,3,0,False,1,1,0.0030873002702289333,0.0010127158219587658,0.010274616632645565,0.0618086458,0.07208326243264557
17,4G,3,0,False,2,2,0.00299637586131906,0.0009137330649060703,0.01289923651018231,0.0618086458,0.07470788231018231
18,4G,3,2,False,0,1,0.002853141467315931,0.001037985596382872,0.009597409998330666,0.0618086458,0.07140605579833066
18,4G,3,2,False,1,1,0.0030458253732116897,0.00100585027442932,0.01014332639406439,0.0618086458,0.07195197219406439
18,4G,3,2,True,2,0,0.0029310551533241695,0.0009499461581767236,0.0068120564648250625,0.0618086458,0.06862070226482506
19,4G,3,2,False,0,1,0.0031077432551341842,0.0011786896664544144,0.010501919431856967,0.0618086458,0.07231056523185697
19,4G,3,2,False,1,0,0.0030080489049605784,0.0011951769451028992,0.007211274755024056,0.0618086458,0.06901992055502405
19,4G,3,2,True,2,0,0.0030709151092047386,0.0009382741662581275,0.0070801043846676045,0.0618086458,0.0688887501846676
0,4G,5,0,True,0,0,0.003332882219715314,0.0010334439685818098,0.014364972847443067,0.0655224526,0.07988742544744307
0,4G,5,0,False,1,1,0.003309604375721081,0.0008321901220950431,0.017380212000700446,0.0655224526,0.08290266460070045
0,4G,5,0,False,2,1,0.0030607977811903378,0.0012026244079892709,0.01650661331394096,0.0655224526,0.08202906591394096
0,4G,5,0,False,3,2,0.0030947848777834576,0.0009808360822961657,0.019549545348996913,0.0655224526,0.08507199794899692
0,4G,5,0,False,4,1,0.0031541215313917793,0.0009563366713135028,0.0167269443282724,0.0655224526,0.0822493969282724
1,4G,5,2,False,0,1,0.003179510141663386,0.001062106519813966,0.016959657228130896,0.0655224526,0.0824821098281309
1,4G,5,2,False,1,1,0.0029986548651817196,0.0009354323797988024,0.0159287067057074,0.0655224526,0.0814511593057074
1,4G,5,2,True,2,0,0.0028412331336183836,0.0010409697753526537,0.012405902309826189,0.0655224526,0.07792835490982619
1,4G,5,2,False,3,2,0.002919552823393557,0.0009811280040438576,0.0184984449444052,0.0655224526,0.0840208975444052
1,4G,5,2,False,4,1,0.0030264456883545053,0.0007779514049929104,0.015910179846765436,0.0655224526,0.08143263244676543
2,4G,5,0,True,0,0,0.0028472050935646237,0.0010267967593022777,0.012415617133560772,0.0655224526,0.07793806973356078
2,4G,5,0,False,1,0,0.003028678669617359,0.0011403619783366208,0.013255076656806057,0.0655224526,0.07877752925680606
2,4G,5,0,False,2,2,0.0029809670770682877,0.0010199813254027196,0.018905783787812446,0.0655224526,0.08442823638781245
2,4G,5,0,False,3,2,0.0031557680066481124,0.000999534855113619,0.019934142895002293,0.0655224526,0.0854565954950023
2,4G,5,0,False,4,2,0.002749047277524262,0.0008814710175057737,0.017375754682651345,0.0655224526,0.08289820728265135
3,4G,5,0,True,0,0,0.003000013087123035,0.0010610420367657052,0.013061094385257845,0.0655224526,0.07858354698525785
3,4G,5,0,False,1,0,0.003090516164455033,0.0009560103918073188,0.013318075049627452,0.0655224526,0.07884052764962746
3,4G,5,0,False,2,1,0.0031471480452818002,0.001157103352371574,0.016892843578780573,0.0655224526,0.08241529617878057
3,4G,5,0,False,3,0,0.0030922194638411922,0.0011501239139969344,0.013519001769361704,0.0655224526,0.0790414543693617
3,4G,5,0,False,4,1,0.003089938296568337,0.0011221599800017327,0.01657185146284342,0.0655224526,0.08209430406284342
4,4G,5,3,False,0,2,0.0031689033217302464,0.0009432526685988318,0.019956672598980308,0.0655224526,0.08547912519898031
4,4G,5,3,False,1,1,0.0030237359427369758,0.0010386827041631921,0.01615736241784807,0.0655224526,0.08167981501784807
4,4G,5,3,False,2,2,0.003254958507941914,0.0009226910101247539,0.02045244205777624,0.0655224526,0.08597489465777625
4,4G,5,3,True,3,1,0.0029043380702980966,0.0009902557094350311,0.015511946060925513,0.0655224526,0.08103439866092552
4,4G,5,3,False,4,2,0.003123956988571956,0.0010678312370239846,0.01981157316845572,0.0655224526,0.08533402576845572
5,4G,5,0,True,0,0,0.0031483740559401993,0.0010343826540422207,0.013627878877803017,0.0655224526,0.07915033147780302
5,4G,5,0,False,1,0,0.003314526751011345,0.0009972850845565962,0.014255392088601977,0.0655224526,0.07977784468860198
5,4G,5,0,False,2,2,0.002906159575904561,0.0011050717374167652,0.01854202919284413,0.0655224526,0.08406448179284413
5,4G,5,0,False,3,1,0.003004702027805054,0.0009441423587679225,0.015967652497793194,0.0655224526,0.0814901050977932
5,4G,5,0,False,4,1,0.003100840867788875,0.0009286877465164819,0.016432892085460858,0.0655224526,0.08195534468546087
6,4G,5,0,True,0,0,0.003080125211133011,0.0010007490977711122,0.013321249942303158,0.0655224526,0.07884370254230316
6,4G,5,0,False,1,2,0.003116766571354561,0.0009745416094109809,0.019675141037538348,0.0655224526,0.08519759363753834
6,4G,5,0,False,2,0,0.0032700771040387764,0.0009599198151146873,0.014040228231269793,0.0655224526,0.0795626808312698
6,4G,5,0,False,3,1,0.00285385214814787,0.0009323987996160188,0.015201659540355367,0.0655224526,0.08072411214035537
6,4G,5,0,False,4,0,0.003117884029389919,0.0009827045762296708,0.013454240693789346,0.0655224526,0.07897669329378935
7,4G,5,4,False,0,1,0.0030826547873201867,0.0010076844992859058,0.01642095843588684,0.0655224526,0.08194341103588684
7,4G,5,4,False,1,1,0.0030247878013461957,0.0008962826151857615,0.016020221621916738,0.0655224526,0.08154267422191674
7,4G,5,4,False,2,2,0.003000073522017518,0.0011078796653936573,0.019108320797498763,0.0655224526,0.08463077339749876
7,4G,5,4,False,3,1,0.002846199535115608,0.0010060156969847749,0.015237013372562815,0.0655224526,0.08075946597256281
7,4G,5,4,True,4,0,0.002927406591936484,0.0009937312290476238,0.01270335759679356,0.0655224526,0.07822581019679356
8,4G,5,3,False,0,1,0.0031371691195493504,0.0008533344710166927,0.016539180068763443,0.0655224526,0.08206163266876344
8,4G,5,3,False,1,2,0.003108163803939436,0.001008573073770076,0.01965755589740669,0.0655224526,0.0851800084974067
8,4G,5,3,False,2,1,0.003025841357638761,0.0010496136600549747,0.01617882044824878,0.0655224526,0.08170127304824878
8,4G,5,3,True,3,0,0.002881296852330355,0.0010440267251732049,0.012569214134494624,0.0655224526,0.07809166673449462
8,4G,5,3,False,4,2,0.0031303516993208868,0.001062920626105138,0.01984503082203046,0.0655224526,0.08536748342203046
9,4G,5,0,True,0,0,0.0030496006939450286,0.0010719819178562763,0.013270384693636391,0.0655224526,0.0787928372936364
9,4G,5,0,False,1,2,0.0029981310948651997,0.001047546081134955,0.019036332650326154,0.0655224526,0.08455878525032616
9,4G,5,0,False,2,0,0.0031347220183502223,0.0008188302157102489,0.013357718289111139,0.0655224526,0.07888017088911115
9,4G,5,0,False,3,1,0.002887519119181178,0.0010341164227535924,0.01547171201865948,0.0655224526,0.08099416461865948
9,4G,5,0,False,4,2,0.0033093492850224003,0.0010096895909252241,0.020865785301059623,0.0655224526,0.08638823790105962
10,4G,5,2,False,0,1,0.003068233638556036,0.0011062583671709613,0.016447426559951142,0.0655224526,0.08196987915995115
10,4G,5,2,False,1,2,0.0030968010029998353,0.0010393687127375952,0.019620174730736607,0.0655224526,0.0851426273307366
10,4G,5,2,True,2,1,0.0028380521674242144,0.0011801660428849372,0.015370426880006009,0.0655224526,0.08089287948000601
10,4G,5,2,False,3,2,0.002944568577740547,0.000910981818399371,0.01857839328484265,0.0655224526,0.08410084588484265
10,4G,5,2,False,4,2,0.0030287109159346836,0.0009561025489027031,0.019128368044510805,0.0655224526,0.08465082064451081
11,4G,5,0,True,0,0,0.002960970561016007,0.0009342903405816612,0.012778172584645689,0.0655224526,0.07830062518464569
11,4G,5,0,False,1,0,0.0030602428583636743,0.0009593899129161854,0.013200361346370882,0.0655224526,0.07872281394637089
11,4G,5,0,False,2,2,0.003181845434213041,0.0010099223475318487,0.020100994952810092,0.0655224526,0.0856234475528101
11,4G,5,0,False,3,2,0.0032465112315640207,0.0008843906108179252,0.02036345800020205,0.0655224526,0.08588591060020205
11,4G,5,0,False,4,1,0.002840127403690592,0.0010214419554743146,0.015222078973927274,0.0655224526,0.08074453157392728
12,4G,5,3,False,0,2,0.0032167618088171043,0.0010348264983513576,0.020335397351253982,0.0655224526,0.08585784995125398
12,4G,5,3,False,1,2,0.002958726844335177,0.000884927025523856,0.018637288091534917,0.0655224526,0.08415974069153492
12,4G,5,3,False,2,2,0.0029832460606463414,0.001100199161403619,0.01899967552528167,0.0655224526,0.08452212812528168
12,4G,5,3,True,3,0,0.003033046653539491,0.0010742114458382336,0.013206398059996197,0.0655224526,0.0787288506599962
12,4G,5,3,False,4,2,0.0029783738168421576,0.0011730868557406587,0.019043329756793605,0.0655224526,0.0845657823567936
13,4G,5,4,False,0,1,0.003370132035399892,0.001012559159983327,0.01786321933698279,0.0655224526,0.08338567193698279
13,4G,5,4,False,1,0,0.0030791150790702793,0.0010726584026071596,0.013389118718888277,0.0655224526,0.07891157131888828
13,4G,5,4,False,2,1,0.002994391198151346,0.001002625920619104,0.015974581911375834,0.0655224526,0.08149703451137584
13,4G,5,4,False,3,1,0.003051614564284443,0.0009495036913762294,0.016207576512798444,0.0655224526,0.08173002911279845
13,4G,5,4,True,4,0,0.003083979227830698,0.0010306298427959824,0.013366546754118774,0.0655224526,0.07888899935411878
14,4G,5,0,True,0,0,0.003058930588058112,0.0010666984415415924,0.01330242079377404,0.0655224526,0.07882487339377404
14,4G,5,0,False,1,0,0.0031772182471472114,0.0009376446832213562,0.013646517671810202,0.0655224526,0.0791689702718102
14,4G,5,0,False,2,0,0.003131196236604318,0.00102290063018229,0.013547685576599562,0.0655224526,0.07907013817659957
14,4G,5,0,False,3,2,0.0028568912938332462,0.0009209792749239661,0.018062327037923445,0.0655224526,0.08358477963792345
14,4G,5,0,False,4,2,0.0030106041619844637,0.0011197637299412329,0.019183388701848013,0.0655224526,0.08470584130184802
15,4G,5,3,False,0,1,0.0032352066353303205,0.0010203959536428113,0.017196429130294413,0.0655224526,0.08271888173029442
15,4G,5,3,False,1,0,0.0031477977194010022,0.0010825060050248902,0.0136736968826289,0.0655224526,0.0791961494826289
15,4G,5,3,False,2,0,0.003043062362163518,0.001015881277996085,0.013188130726650156,0.0655224526,0.07871058332665015
15,4G,5,3,True,3,0,0.002950227425711527,0.0010293349444097176,0.012830244647255825,0.0655224526,0.07835269724725583
15,4G,5,3,False,4,2,0.003084068241130748,0.0012207024354327074,0.019725111882217195,0.0655224526,0.0852475644822172
16,4G,5,3,False,0,1,0.0033262829054500538,0.0009262469084393191,0.017557661435689587,0.0655224526,0.08308011403568959
16,4G,5,3,False,1,0,0.003064997312694026,0.0009225839974800374,0.01318257324825614,0.0655224526,0.07870502584825614
16,4G,5,3,False,2,2,0.002925277346603811,0.0011723151870358323,0.018723979266658697,0.0655224526,0.0842464318666587
16,4G,5,3,True,3,0,0.0029068072376699514,0.0008245459484682605,0.012451774899148066,0.0655224526,0.07797422749914806
16,4G,5,3,False,4,1,0.0029445539089434725,0.000937256361248257,0.01566002590596562,0.0655224526,0.08118247850596562
17,4G,5,4,False,0,2,0.0031535322599175767,0.001066581709221491,0.01998777526872695,0.0655224526,0.08551022786872695
17,4G,5,4,False,1,1,0.003146973572282242,0.0011626111185707559,0.016897478979981964,0.0655224526,0.08241993157998197
17,4G,5,4,False,2,2,0.002918588219316351,0.0009023306877396796,0.018413860003637785,0.0655224526,0.08393631260363779
17,4G,5,4,False,3,2,0.0031451677881376484,0.0010061020026382863,0.01987710873146418,0.0655224526,0.08539956133146417
17,4G,5,4,True,4,0,0.0030125726627396577,0.0010103149496234994,0.01306060560058213,0.0655224526,0.07858305820058213
18,4G,5,2,False,0,0,0.0031428921888154064,0.0009417429347584435,0.013513311690020069,0.0655224526,0.07903576429002007
18,4G,5,2,False,1,1,0.002888413022142465,0.000953371178388944,0.01539543628910127,0.0655224526,0.08091788888910127
18,4G,5,2,True,2,0,0.0030173292299036517,0.0009372584127746089,0.013006575332389216,0.0655224526,0.07852902793238922
18,4G,5,2,False,3,1,0.003164994215898143,0.0008776041272535963,0.016702575206744313,0.0655224526,0.08222502780674432
18,4G,5,2,False,4,1,0.0032786755334897047,0.0011831610443745126,0.017576538711823037,0.0655224526,0.08309899131182304
19,4G,5,4,False,0,2,0.0030428500878224617,0.0010763640631720362,0.01933346459010681,0.0655224526,0.08485591719010681
19,4G,5,4,False,1,1,0.0030770177459036588,0.0010341391145367947,0.016419227844055088,0.0655224526,0.08194168044405509
19,4G,5,4,False,2,2,0.0029944497299034738,0.0008907579380637458,0.01885745631748459,0.0655224526,0.08437990891748459
19,4G,5,4,False,3,1,0.0030606032982864614,0.0009619518673125605,0.01626496835874487,0.0655224526,0.08178742095874487
19,4G,5,4,True,4,0,0.0030782612852975734,0.0008269256329492613,0.013139970774139555,0.0655224526,0.07866242337413956
0,5G,3,0,True,0,0,0.0030289960851354403,0.0008165223826100337,0.006874514552880915,0.0184043229,0.025278837452880912
0,5G,3,0,False,1,2,0.0028741412186443493,0.0009167818873355154,0.012413346761912913,0.0184043229,0.030817669661912912
0,5G,3,0,False,2,1,0.003007506478086506,0.001018323206846969,0.010040842641106489,0.0184043229,0.028445165541106487
1,5G,3,0,True,0,0,0.0028030892836918807,0.0008829129941911297,0.006489091561574891,0.0184043229,0.024893414461574892
1,5G,3,0,False,1,2,0.003011773541830467,0.0010903977517210826,0.01313749191904295,0.0184043229,0.031541814819042946
1,5G,3,0,False,2,2,0.003041327818617494,0.000971332081392523,0.013136643355862499,0.0184043229,0.0315409662558625
2,5G,3,0,True,0,0,0.0030865441843267536,0.0011812667755471493,0.0073543551442006565,0.0184043229,0.025758678044200657
2,5G,3,0,False,1,2,0.0030150248236389156,0.0011082021080362915,0.013168301402591953,0.0184043229,0.03157262430259195
2,5G,3,0,False,2,1,0.002966371247935296,0.0010377066135062681,0.009936820357312156,0.0184043229,0.028341143257312157
3,5G,3,1,False,0,2,0.0029457835597872664,0.0010102859764623885,0.012793420215611454,0.0184043229,0.03119774311561145
3,5G,3,1,True,1,0,0.003014616596524763,0.0011130083695190655,0.007142241562568591,0.0184043229,0.02554656446256859
3,5G,3,1,False,2,2,0.0029381976985494228,0.0011042280056899841,0.012857018799887675,0.0184043229,0.031261341699887674
4,5G,3,0,True,0,0,0.0030623450098498208,0.0010158313749895535,0.007140521394689195,0.0184043229,0.025544844294689194
4,5G,3,0,False,1,2,0.003157595507538332,0.0010530347776753516,0.01368341680782868,0.0184043229,0.032087739707828675
4,5G,3,0,False,2,0,0.0030952066186010485,0.0010242595174525168,0.007214672754654614,0.0184043229,0.025618995654654614
5,5G,3,0,True,0,1,0.0029584358177569985,0.0010247866302793309,0.009900094083550326,0.0184043229,0.028304416983550323
5,5G,3,0,False,1,1,0.003183212134472956,0.0008957479970079105,0.010445384400426779,0.0184043229,0.028849707300426776
5,5G,3,0,False,2,1,0.0029864615688580906,0.0010890077916858563,0.010048392498260129,0.0184043229,0.02845271539826013
6,5G,3,2,False,0,2,0.002957029325994469,0.0010098230060858265,0.012837940310063703,0.0184043229,0.031242263210063702
6,5G,3,2,False,1,0,0.003180631323163677,0.0009841361675077562,0.00734539881383511,0.0184043229,0.02574972171383511
6,5G,3,2,True,2,0,0.00312996198638572,0.0009940608071546905,0.00725398477992613,0.0184043229,0.025658307679926128
7,5G,3,2,False,0,2,0.003226343682453761,0.0009683665596872456,0.01387374128950229,0.0184043229,0.03227806418950229
7,5G,3,2,False,1,0,0.003243373880678117,0.0009668923217550026,0.007453640083111237,0.0184043229,0.025857962983111236
7,5G,3,2,True,2,0,0.002976043439493546,0.001244449933930991,0.0071965368129180834,0.0184043229,0.025600859712918082
8,5G,3,0,True,0,0,0.0030349172236015082,0.0009466373582057057,0.007016471805408722,0.0184043229,0.02542079470540872
8,5G,3,0,False,1,2,0.003181231051887165,0.001042113118548575,0.013767037326097235,0.0184043229,0.032171360226097234
8,5G,3,0,False,2,1,0.0030355380567429298,0.0009037464966654832,0.010010360666894272,0.0184043229,0.02841468356689427
9,5G,3,2,False,0,2,0.0032851987904766477,0.0009116230126354168,0.014052418174542008,0.0184043229,0.03245674107454201
9,5G,3,2,False,1,1,0.0030714489360901464,0.0011355684244212236,0.010349915232691662,0.0184043229,0.02875423813269166
9,5G,3,2,True,2,0,0.0029460437888928458,0.0009664551195057696,0.006858542697291461,0.0184043229,0.025262865597291462
10,5G,3,0,True,0,1,0.003128872227794714,0.0008563342642157101,0.010242950947599852,0.0184043229,0.028647273847599852
10,5G,3,0,False,1,2,0.002997734544262459,0.0010255012638893612,0.013016439440939198,0.0184043229,0.0314207623409392
10,5G,3,0,False,2,2,0.00297253011263844,0.0008458041691528208,0.01273592461970658,0.0184043229,0.03114024751970658
11,5G,3,0,True,0,0,0.0031009576955096053,0.0009688390020080578,0.007170754393027268,0.0184043229,0.025575077293027267
11,5G,3,0,False,1,2,0.0031398379491112613,0.0010841992024510053,0.01364355099889605,0.0184043229,0.032047873898896045
11,5G,3,0,False,2,1,0.0032141562272516174,0.0010303893359702983,0.01067285801772515,0.0184043229,0.029077180917725147
12,5G,3,0,True,0,1,0.002948911628737659,0.001023115327430859,0.009869850213643835,0.0184043229,0.028274173113643834
12,5G,3,0,False,1,1,0.0031615435608066214,0.0009354734481519875,0.010420104130571851,0.0184043229,0.02882442703057185
12,5G,3,0,False,2,1,0.0030171130812518686,0.0010446244781964864,0.010095963721952093,0.0184043229,0.028500286621952094
13,5G,3,1,False,0,2,0.0031166416046219114,0.000979047714592246,0.013445614133079892,0.0184043229,0.031849937033079895
13,5G,3,1,True,1,0,0.003102104498308751,0.0008576185200762707,0.0070618275166937725,0.0184043229,0.02546615041669377
13,5G,3,1,False,2,2,0.0030836348994679698,0.0008740315350384758,0.013208571132910355,0.0184043229,0.03161289403291036
14,5G,3,1,False,0,1,0.0028692208703176413,0.0009805012040976966,0.009588163815050621,0.0184043229,0.02799248671505062
14,5G,3,1,True,1,0,0.0031956053924482503,0.0009440262668050994,0.0073352370517016,0.0184043229,0.025739559951701598
14,5G,3,1,False,2,2,0.003150987225611847,0.0009948489502728543,0.013598797852720243,0.0184043229,0.03200312075272024
15,5G,3,2,False,0,2,0.003131913845736304,0.001005200683851588,0.013532856066796804,0.0184043229,0.031937178966796806
15,5G,3,2,False,1,2,0.0031327754122623093,0.0010698207783471523,0.01360092242739639,0.0184043229,0.03200524532739639
15,5G,3,2,True,2,0,0.002803908805677207,0.0009559494286885712,0.006563767040042985,0.0184043229,0.024968089940042983
16,5G,3,2,False,0,2,0.002918876434922336,0.001070034909964762,0.012745540649654106,0.0184043229,0.031149863549654107
16,5G,3,2,False,1,0,0.003123955897349583,0.0008452530249812068,0.007093164819680373,0.0184043229,0.02549748771968037
16,5G,3,2,True,2,0,0.0029730756722154,0.0007778364371264323,0.006723987781557233,0.0184043229,0.02512831068155723
17,5G,3,1,False,0,0,0.002912315552904226,0.0010377964999306504,0.006862427605739102,0.0184043229,0.0252667505057391
17,5G,3,1,True,1,0,0.0028440116255261743,0.0010401536767022685,0.006728176927754617,0.0184043229,0.025132499827754617
17,5G,3,1,False,2,1,0.0030408180679500595,0.0009655594007439983,0.010088013604594177,0.0184043229,0.028492336504594176
18,5G,3,2,False,0,2,0.0030844949209153137,0.0009618953770849118,0.013299875060746168,0.0184043229,0.03170419796074617
18,5G,3,2,False,1,1,0.0031587165735099698,0.0010919311130543918,0.010568080833584301,0.0184043229,0.028972403733584298
18,5G,3,2,True,2,1,0.0030795994787958685,0.0009185282633510239,0.01015732669973863,0.0184043229,0.02856164959973863
19,5G,3,2,False,0,2,0.0030643564666309837,0.000998533062783912,0.013255958929307848,0.0184043229,0.03166028182930784
19,5G,3,2,False,1,1,0.0030583666708675515,0.0009078884106594072,0.01008298842326206,0.0184043229,0.028487311323262057
19,5G,3,2,True,2,1,0.0029758438270950788,0.0009587900810316734,0.00988632156231691,0.0184043229,0.02829064446231691
0,5G,5,4,False,0,1,0.0032201108949624405,0.0008577195160583594,0.016958273990870562,0.0202612263,0.037219500290870566
0,5G,5,4,False,1,2,0.0031746177394248905,0.0010320106642027955,0.02007971710075214,0.0202612263,0.040340943400752144
0,5G,5,4,False,2,1,0.0032940053158986697,0.0010962899729896306,0.017566316552482978,0.0202612263,0.03782754285248298
0,5G,5,4,False,3,1,0.0028754569102346994,0.000947427805635691,0.015324712356809187,0.0202612263,0.03558593865680919
0,5G,5,4,True,4,0,0.0030587865211821287,0.0010041444929207045,0.01323929057764922,0.0202612263,0.03350051687764922
1,5G,5,2,False,0,1,0.002912803385117175,0.0009821258689865278,0.015546142794572402,0.0202612263,0.035807369094572404
1,5G,5,2,False,1,0,0.0030713476401990846,0.0011068276312800867,0.013392218192076425,0.0202612263,0.033653444492076426
1,5G,5,2,True,2,0,0.0029518911115135574,0.0008935804559881338,0.012701144902042364,0.0202612263,0.032962371202042366
1,5G,5,2,False,3,2,0.0028501485514880985,0.0010184406153280492,0.01811933192425664,0.0202612263,0.038380558224256636
1,5G,5,2,False,4,1,0.002971287696722611,0.0010511115323886204,0.015907550016001675,0.0202612263,0.036168776316001676
2,5G,5,3,False,0,2,0.002916983829731834,0.001053015850505183,0.01855491882889619,0.0202612263,0.038816145128896196
2,5G,5,3,False,1,0,0.0029654819103941683,0.0011275077782961752,0.012989435419872849,0.0202612263,0.03325066171987285
2,5G,5,3,False,2,1,0.002925947703065309,0.0010288670651622113,0.015658605580488757,0.0202612263,0.03591983188048876
2,5G,5,3,True,3,0,0.0029153340597338076,0.0010444149679237845,0.012705751206859016,0.0202612263,0.032966977506859015
2,5G,5,3,False,4,0,0.003231249558721598,0.001077310385008349,0.014002308619894741,0.0202612263,0.03426353491989474
3,5G,5,0,True,0,1,0.003005654811501902,0.001012683564413188,0.0160409576219227,0.0202612263,0.0363021839219227
3,5G,5,0,False,1,1,0.0030737693293533914,0.000976998205972305,0.016345844852739263,0.0202612263,0.036607071152739264
3,5G,5,0,False,2,2,0.0029785915423090224,0.0010152033155989672,0.0188867525694531,0.0202612263,0.0391479788694531
3,5G,5,0,False,3,2,0.0031945893288916082,0.0009223271870603368,0.020089863160409987,0.0202612263,0.04035108946040999
3,5G,5,0,False,4,2,0.003197177040533735,0.0009783108892934644,0.020161373132495875,0.0202612263,0.040422599432495876
4,5G,5,0,True,0,0,0.0029944324739732816,0.0010431837109569947,0.01302091360685012,0.0202612263,0.033282139906850125
4,5G,5,0,False,1,1,0.003152555978496201,0.0011358639425360193,0.016898643835017026,0.0202612263,0.03715987013501702
4,5G,5,0,False,2,0,0.003131283998581036,0.0011573405475322435,0.013682476541856387,0.0202612263,0.03394370284185639
4,5G,5,0,False,3,2,0.0031449406128316025,0.0011431553720624894,0.020012799049052104,0.0202612263,0.040274025349052105
4,5G,5,0,False,4,2,0.0029763545974003614,0.0010135582494580526,0.01887168583386022,0.0202612263,0.03913291213386022
5,5G,5,3,False,0,1,0.0030170145227093248,0.0009902951676933147,0.01607536778123994,0.0202612263,0.036336594081239945
5,5G,5,3,False,1,2,0.003151735469326422,0.0009179778178061593,0.01982839063376469,0.0202612263,0.04008961693376469
5,5G,5,3,False,2,1,0.0032076649928794595,0.0009103704848584405,0.016948695449255737,0.0202612263,0.037209921749255734
5,5G,5,3,True,3,1,0.0029951693786803273,0.0009755395807827288,0.015951386474184367,0.0202612263,0.03621261277418437
5,5G,5,3,False,4,1,0.0031708333111512598,0.0010130077917377348,0.016867174347494032,0.0202612263,0.037128400647494036
6,5G,5,1,False,0,2,0.0029985793107683567,0.0010390342098422199,0.01903051007445236,0.0202612263,0.039291736374452366
6,5G,5,1,True,1,0,0.0028929348753998128,0.00110582799559536,0.01267756749719461,0.0202612263,0.03293879379719461
6,5G,5,1,False,2,0,0.0032967879820505496,0.0009235197736870326,0.01411067170188923,0.0202612263,0.03437189800188923
6,5G,5,1,False,3,0,0.002992733523351457,0.0009000233808149311,0.012870957474220759,0.0202612263,0.03313218377422076
6,5G,5,1,False,4,2,0.002806607058113103,0.000935017863377512,0.017774660212056127,0.0202612263,0.038035886512056125
7,5G,5,4,False,0,2,0.002939738106235751,0.0010921377975894374,0.018730566435003947,0.0202612263,0.038991792735003944
7,5G,5,4,False,1,1,0.002958239261587863,0.0009814365431538086,0.015772632851093125,0.0202612263,0.036033859151093126
7,5G,5,4,False,2,1,0.0029147852236623725,0.0010954427728764665,0.01566936889118833,0.0202612263,0.03593059519118833
7,5G,5,4,False,3,2,0.003221782501202692,0.0008552821989345278,0.02018597720615068,0.0202612263,0.04044720350615068
7,5G,5,4,True,4,1,0.002905811985258033,0.00105318902618151,0.015582248952471674,0.0202612263,0.035843475252471675
8,5G,5,2,False,0,2,0.0032446165112602746,0.000874390093940609,0.020342089161502257,0.0202612263,0.040603315461502254
8,5G,5,2,False,1,2,0.0030966569982469076,0.0009485053417035613,0.019528447331185004,0.0202612263,0.039789673631185005
8,5G,5,2,True,2,0,0.0029825596913150964,0.0010225216544757622,0.012952760419736148,0.0202612263,0.03321398671973615
8,5G,5,2,False,3,1,0.003185536074254492,0.0008307925057942161,0.016758472877066676,0.0202612263,0.03701969917706668
8,5G,5,2,False,4,1,0.002884041968286962,0.0011029106625210807,0.015523120503955889,0.0202612263,0.03578434680395589
9,5G,5,1,False,0,1,0.002972908091051473,0.0011914028392225832,0.01605594329447995,0.0202612263,0.03631716959447995
9,5G,5,1,True,1,0,0.003081834855748196,0.0010935531808868337,0.013420892603879618,0.0202612263,0.03368211890387962
9,5G,5,1,False,2,1,0.0033166369508376885,0.0008925691409052432,0.017475753895093683,0.0202612263,0.03773698019509368
9,5G,5,1,False,3,2,0.0029195843121823536,0.0008436063999413218,0.018361112273035444,0.0202612263,0.038622338573035445
9,5G,5,1,False,4,0,0.003161425643610406,0.0010056515157515987,0.013651354090193224,0.0202612263,0.03391258039019322
10,5G,5,1,False,0,1,0.0029661780710257446,0.0009766951279240386,0.01580758548305276,0.0202612263,0.03606881178305276
10,5G,5,1,True,1,0,0.003220905648996886,0.000968964120630199,0.013852586716617744,0.0202612263,0.03411381301661774
10,5G,5,1,False,2,1,0.002877746561013966,0.0010265259483595336,0.015415258753429362,0.0202612263,0.035676485053429366
10,5G,5,1,False,3,2,0.0030576717870907494,0.000988967937818343,0.01933499866036284,0.0202612263,0.039596224960362844
10,5G,5,1,False,4,2,0.0030419143320078827,0.0011046018064820684,0.019356087798529365,0.0202612263,0.039617314098529366
11,5G,5,4,False,0,0,0.0029781665072649384,0.00112268992207455,0.013035355951134303,0.0202612263,0.033296582251134306
11,5G,5,4,False,1,1,0.002935641865398921,0.0010351786952485238,0.01571338802224313,0.0202612263,0.03597461432224313
11,5G,5,4,False,2,2,0.0032430704039086793,0.0009911762800681378,0.020449598703520214,0.0202612263,0.04071082500352022
11,5G,5,4,False,3,2,0.0032337284777583498,0.0010278203175439612,0.02043019118409406,0.0202612263,0.040691417484094064
11,5G,5,4,True,4,0,0.0027554652599186707,0.001061960738437518,0.012083821778112201,0.0202612263,0.0323450480781122
12,5G,5,1,False,0,0,0.0032325407935675657,0.0011028290184239957,0.01403299219269426,0.0202612263,0.03429421849269426
12,5G,5,1,True,1,0,0.002682806275225168,0.0007874009140629032,0.011518626014963576,0.0202612263,0.03177985231496358
12,5G,5,1,False,2,1,0.0028768544851821664,0.0010987754031803834,0.015483047829091216,0.0202612263,0.035744274129091216
12,5G,5,1,False,3,1,0.002936485277009464,0.0009834228590982978,0.015665849244145616,0.0202612263,0.03592707554414562
12,5G,5,1,False,4,2,0.0033319485348735274,0.0009936263990134584,0.020985317608254624,0.0202612263,0.04124654390825462
13,5G,5,1,False,0,2,0.0030606050892231958,0.001029192824177598,0.019392823359516774,0.0202612263,0.03965404965951677
13,5G,5,1,True,1,1,0.002980680175698603,0.0008670880699205279,0.01577048894841354,0.0202612263,0.036031715248413546
13,5G,5,1,False,2,1,0.0030393283447357426,0.0011092982360741029,0.016305939959752817,0.0202612263,0.036567166259752815
13,5G,5,1,False,3,2,0.00308397672027387,0.0009581849409107241,0.019462045262553945,0.0202612263,0.039723271562553945
13,5G,5,1,False,4,2,0.0029851112251608673,0.0009857547474781399,0.018896422098443343,0.0202612263,0.039157648398443344
14,5G,5,1,False,0,0,0.003052654007566138,0.0009638727595017946,0.013174488789766346,0.0202612263,0.033435715089766345
14,5G,5,1,True,1,0,0.002958238986658468,0.0009707328349725083,0.01280368878160638,0.0202612263,0.03306491508160638
14,5G,5,1,False,2,1,0.002894182905557075,0.0010354485592147316,0.015506363087000107,0.0202612263,0.03576758938700011
14,5G,5,1,False,3,0,0.003138234712190542,0.001166521744804631,0.0137194605935668,0.0202612263,0.0339806868935668
14,5G,5,1,False,4,1,0.0029632498409510786,0.0010473034636765115,0.015863552668431903,0.0202612263,0.0361247789684319
15,5G,5,2,False,0,0,0.003109843797427696,0.0009179163469680939,0.013357291536678879,0.0202612263,0.03361851783667888
15,5G,5,2,False,1,2,0.002795493563005793,0.0010324341820955427,0.0178053955601303,0.0202612263,0.0380666218601303
15,5G,5,2,True,2,0,0.0030165562923152615,0.0010243346148661402,0.013090559784127187,0.0202612263,0.033351786084127186
15,5G,5,2,False,3,2,0.0031496190892713943,0.0008618251843792639,0.01975953972000763,0.0202612263,0.040020766020007634
15,5G,5,2,False,4,2,0.0028405296855652175,0.0010753922867996972,0.018118570400191002,0.0202612263,0.038379796700191
16,5G,5,0,True,0,0,0.0027066641969486285,0.0008100593486707845,0.0116367161364653,0.0202612263,0.0318979424364653
16,5G,5,0,False,1,1,0.0030933686028999157,0.0009904177032271084,0.01645726071772669,0.0202612263,0.03671848701772669
16,5G,5,0,False,2,0,0.003005937271705829,0.0009451744525534212,0.012968923539376738,0.0202612263,0.033230149839376735
16,5G,5,0,False,3,2,0.0030886914333923847,0.0009781593654487055,0.01951030796580301,0.0202612263,0.039771534265803016
16,5G,5,0,False,4,1,0.0030018776533655453,0.0009151807474334902,0.015924569014261217,0.0202612263,0.03618579531426122
17,5G,5,0,True,0,0,0.003008881433651076,0.0010966771300447826,0.013132202864649088,0.0202612263,0.03339342916464909
17,5G,5,0,False,1,1,0.0030210382527329958,0.0009367340495195215,0.0160419253131845,0.0202612263,0.0363031516131845
17,5G,5,0,False,2,2,0.0030766687814271056,0.0010651467814576485,0.019525159470020283,0.0202612263,0.039786385770020284
17,5G,5,0,False,3,0,0.003076590910698634,0.0009907353785746347,0.01329709902136917,0.0202612263,0.03355832532136917
17,5G,5,0,False,4,0,0.0031809849853820828,0.001011028514072977,0.013734968455601309,0.0202612263,0.03399619475560131
18,5G,5,4,False,0,1,0.0032130319636688156,0.0008688712476004933,0.01693403106594457,0.0202612263,0.037195257365944576
18,5G,5,4,False,1,0,0.0031415812176407197,0.0010900426982711298,0.013656367568834009,0.0202612263,0.03391759386883401
18,5G,5,4,False,2,2,0.002918273130739173,0.001056131197412371,0.018565769981847408,0.0202612263,0.03882699628184741
18,5G,5,4,False,3,2,0.0030145789340657743,0.000817707317864993,0.018905180922259637,0.0202612263,0.03916640722225964
18,5G,5,4,True,4,0,0.003031920911088511,0.0010530166849284893,0.013180700329282534,0.0202612263,0.03344192662928253
19,5G,5,3,False,0,1,0.0030975348584773394,0.0009279955479597653,0.016415669840346463,0.0202612263,0.036676896140346464
19,5G,5,3,False,1,1,0.003116759892137572,0.0009594607634226392,0.016543260224110498,0.0202612263,0.0368044865241105
19,5G,5,3,False,2,1,0.002882503313630156,0.0010284385518649019,0.015440955120015682,0.0202612263,0.03570218142001568
19,5G,5,3,True,3,1,0.0028225801385408683,0.0009169262291912905,0.015029826921895632,0.0202612263,0.03529105322189563
19,5G,5,3,False,4,2,0.002881652795663358,0.0011986238828166989,0.018488540656796844,0.0202612263,0.03874976695679684
